"REG";"DEP";"DEPCOM";"DCIRIS";"AN";"TYPEQU";"LAMBERT_X";"LAMBERT_Y";"QUALITE_XY"
11;"75";"75117";"75117_6813";2019;"E108";649529.67;6866172.33;"Bonne"
11;"77";"77111";"77111";2019;"E107";684058.523;6863346.68;"Bonne"
11;"75";"75110";"75110_3710";2019;"E107";653001.571;6864366.1;"Bonne"
11;"93";"93055";"93055_0802";2019;"E108";656031.744;6866618.6;"Bonne"
11;"93";"93053";"93053_0106";2019;"E108";660461.836;6866444.31;"Bonne"
11;"93";"93010";"93010_0204";2019;"E108";661782.29;6866108.51;"Bonne"
11;"93";"93077";"93077_0106";2019;"E108";664222.048;6865565.83;"Bonne"
11;"93";"93032";"93032_0101";2019;"E108";665274.93;6864933.36;"Bonne"
11;"93";"93032";"93032_0115";2019;"E108";667191.779;6864253.87;"Bonne"
11;"93";"93064";"93064_0101";2019;"E108";661944.068;6864840.87;"Bonne"
11;"93";"93064";"93064_0106";2019;"E108";662272.671;6863496.54;"Bonne"
11;"94";"94033";"94033_0105";2019;"E108";662519.241;6861696.87;"Bonne"
11;"94";"94052";"94052_0103";2019;"E108";662868.81;6859977.86;"Bonne"
11;"94";"94017";"94017_0701";2019;"E108";664117.015;6858429.84;"Bonne"
11;"94";"94079";"94079_0000";2019;"E108";666414.639;6858232.6;"Bonne"
11;"93";"93051";"93051_0202";2019;"E108";669113.683;6858244.28;"Bonne"
11;"77";"77368";"77368";2019;"E108";721177.93;6827317.34;"Bonne"
11;"77";"77215";"77215_0101";2019;"E108";679968.079;6849590.17;"Bonne"
11;"77";"77350";"77350_0401";2019;"E108";677247.489;6852313.59;"Bonne"
11;"77";"77390";"77390_0202";2019;"E108";674358.941;6855102.01;"Bonne"
11;"77";"77169";"77169_0101";2019;"E108";671900.41;6856355.4;"Bonne"
11;"77";"77493";"77493";2019;"E108";687102.231;6838293.44;"Bonne"
11;"77";"77317";"77317";2019;"E108";691785.89;6834864.14;"Bonne"
11;"77";"77327";"77327_0101";2019;"E108";700951.885;6829005.35;"Bonne"
11;"77";"77284";"77284_0902";2019;"E108";690711.187;6872996.67;"Bonne"
11;"77";"77108";"77108_0502";2019;"E108";669428.337;6863885.8;"Bonne"
11;"77";"77260";"77260";2019;"E108";718306.905;6823944.88;"Bonne"
11;"77";"77379";"77379_0201";2019;"E108";722384.867;6828441.3;"Bonne"
11;"77";"77404";"77404";2019;"E108";718887.454;6825524.15;"Bonne"
11;"77";"77470";"77470_0103";2019;"E108";682289.812;6848829.8;"Bonne"
11;"77";"77229";"77229";2019;"E108";690312.051;6848270.85;"Bonne"
11;"77";"77318";"77318";2019;"E109";693204.583;6854342.61;"Bonne"
11;"77";"77219";"77219";2019;"E108";696669.189;6856714.14;"Bonne"
11;"77";"77371";"77371";2019;"E108";699500.745;6856504.5;"Bonne"
11;"77";"77320";"77320";2019;"E109";703132.987;6857083.3;"Bonne"
11;"77";"77479";"77479_0102";2019;"E108";673438.457;6863970.66;"Bonne"
11;"77";"77131";"77131_0201";2019;"E108";705989.536;6856406.17;"Bonne"
11;"77";"77464";"77464_0101";2019;"E108";678310.459;6864716.41;"Bonne"
11;"77";"77171";"77171_0101";2019;"E108";686120.948;6867036.5;"Bonne"
11;"77";"77315";"77315";2019;"E109";687267.79;6865672.78;"Bonne"
11;"77";"77475";"77475";2019;"E108";696304.918;6873355.14;"Bonne"
11;"77";"77084";"77084";2019;"E108";701927.39;6873260.87;"Bonne"
11;"77";"77183";"77183_0101";2019;"E108";709111.889;6872341.39;"Bonne"
11;"77";"77397";"77397";2019;"E108";716119.77;6874906.63;"Bonne"
11;"77";"77231";"77231";2019;"E109";700552.466;6877579.87;"Bonne"
11;"77";"77257";"77257";2019;"E108";702336.122;6880221.57;"Bonne"
11;"77";"77148";"77148";2019;"E108";704594.394;6887970.22;"Bonne"
11;"77";"77413";"77413";2019;"E109";689311.895;6864764.6;"Bonne"
11;"77";"77142";"77142";2019;"E109";691317.48;6862687.43;"Bonne"
11;"77";"77142";"77142";2019;"E108";693076.861;6862184.68;"Bonne"
11;"93";"93066";"93066_1101";2019;"E108";652400.176;6868830.25;"Bonne"
11;"93";"93066";"93066_1104";2019;"E108";653282.764;6868851.97;"Bonne"
11;"75";"75110";"75110_3712";2019;"E107";652684.738;6864817.94;"Bonne"
11;"93";"93066";"93066_1101";2019;"E108";652041.72;6870767.08;"Bonne"
11;"93";"93031";"93031_0402";2019;"E108";650817.519;6873342.38;"Bonne"
11;"93";"93031";"93031_0104";2019;"E108";648908.709;6872905.75;"Bonne"
11;"93";"93059";"93059_0103";2019;"E108";654037.513;6873951.78;"Bonne"
11;"95";"95197";"95197_0108";2019;"E108";649970.564;6874246.78;"Bonne"
11;"92";"92036";"92036_0404";2019;"E108";649263.487;6870601.73;"Bonne"
11;"93";"93070";"93070_0109";2019;"E108";650336.341;6867466.19;"Bonne"
11;"93";"93027";"93027_0103";2019;"E108";654973.632;6869521.37;"Bonne"
11;"93";"93013";"93013_0106";2019;"E108";657918.168;6870243.17;"Bonne"
11;"93";"93029";"93029_0101";2019;"E108";660114.587;6870419.99;"Bonne"
11;"93";"93005";"93005_0902";2019;"E108";662966.517;6870356.55;"Bonne"
11;"93";"93071";"93071_0110";2019;"E108";665984.29;6870827.32;"Bonne"
11;"93";"93078";"93078_0116";2019;"E108";668296.027;6871686.04;"Bonne"
11;"93";"93071";"93071_0108";2019;"E108";665192.794;6871879.59;"Bonne"
11;"93";"93078";"93078_0107";2019;"E108";664291.208;6873795.62;"Bonne"
11;"93";"93073";"93073_0303";2019;"E108";667795.926;6878949.64;"Bonne"
11;"93";"93007";"93007_0116";2019;"E108";661671.99;6870377.21;"Bonne"
11;"93";"93078";"93078_0101";2019;"E108";664413.225;6874941.43;"Bonne"
11;"93";"93073";"93073_0303";2019;"E107";668595.211;6878265.53;"Bonne"
11;"77";"77294";"77294_0201";2019;"E108";670797.807;6872606.99;"Bonne"
11;"77";"77294";"77294_0103";2019;"E108";673817.311;6875162.53;"Bonne"
11;"77";"77420";"77420";2019;"E108";677996.274;6881401.18;"Bonne"
11;"95";"95660";"95660";2019;"E109";652383.366;6886683.47;"Bonne"
11;"95";"95594";"95594";2019;"E109";656128.71;6891208.37;"Bonne"
11;"77";"77123";"77123";2019;"E109";675498.928;6876904.48;"Bonne"
11;"77";"77462";"77462";2019;"E109";676629.253;6878802.61;"Bonne"
11;"92";"92036";"92036_0404";2019;"E108";649739.706;6869108.52;"Bonne"
11;"95";"95210";"95210_0501";2019;"E108";649257.504;6874994.99;"Bonne"
11;"95";"95598";"95598_0107";2019;"E108";648185.338;6875742.28;"Bonne"
11;"95";"95219";"95219_0501";2019;"E108";646616.844;6875873.77;"Bonne"
11;"95";"95219";"95219_0601";2019;"E108";645620.22;6876405.54;"Bonne"
11;"95";"95252";"95252_0101";2019;"E108";644016.783;6877341.7;"Bonne"
11;"95";"95051";"95051_0101";2019;"E108";641239.692;6878950.76;"Bonne"
11;"95";"95488";"95488_0102";2019;"E108";638123.013;6880262.3;"Bonne"
11;"95";"95572";"95572_0117";2019;"E108";634765.047;6883203.22;"Bonne"
11;"95";"95500";"95500_0201";2019;"E108";633907.791;6883362.01;"Bonne"
11;"95";"95572";"95572_0112";2019;"E109";635931.829;6884314.6;"Bonne"
11;"95";"95572";"95572_0112";2019;"E108";636529.373;6884943.08;"Bonne"
11;"95";"95039";"95039_0103";2019;"E109";637197.765;6885781.07;"Bonne"
11;"95";"95555";"95555_0106";2019;"E108";647674.264;6873998.86;"Bonne"
11;"95";"95582";"95582_0106";2019;"E108";646103.194;6874720.74;"Bonne"
11;"95";"95268";"95268_0109";2019;"E108";655387.532;6875371.25;"Bonne"
11;"95";"95019";"95019_0102";2019;"E108";657286.355;6877251.73;"Bonne"
11;"95";"95280";"95280_0102";2019;"E108";661853.295;6881628.28;"Bonne"
11;"95";"95280";"95280_0110";2019;"E108";660761.807;6880594.62;"Bonne"
11;"95";"95351";"95351_0101";2019;"E108";663577.652;6883373.25;"Bonne"
11;"95";"95250";"95250_0101";2019;"E108";665348.25;6888973.38;"Bonne"
11;"95";"95197";"95197_0103";2019;"E108";651559.818;6875312.87;"Bonne"
11;"95";"95288";"95288_0102";2019;"E108";652680.89;6876240.91;"Bonne"
11;"95";"95539";"95539_0106";2019;"E108";653796.433;6877499.2;"Bonne"
11;"95";"95229";"95229_0103";2019;"E108";653403.178;6880505.84;"Bonne"
11;"95";"95199";"95199_0104";2019;"E108";651580.527;6881646.34;"Bonne"
11;"95";"95116";"95116";2019;"E109";650908.2;6895256.92;"Bonne"
11;"95";"95487";"95487_0104";2019;"E108";647342.585;6894471.98;"Bonne"
11;"95";"95091";"95091_0103";2019;"E108";650523.014;6883002.16;"Bonne"
11;"95";"95430";"95430";2019;"E108";650508.212;6885367.93;"Bonne"
11;"95";"95504";"95504";2019;"E108";647992.554;6890612.01;"Bonne"
11;"95";"95134";"95134";2019;"E108";644704.541;6893164.16;"Bonne"
11;"95";"95480";"95480_0101";2019;"E108";642316.576;6890844.76;"Bonne"
11;"95";"95120";"95120";2019;"E108";641728.629;6888297.13;"Bonne"
11;"95";"95039";"95039_0101";2019;"E108";639826.375;6885987.74;"Bonne"
11;"95";"95056";"95056";2019;"E108";653349.758;6888911.15;"Bonne"
11;"95";"95652";"95652";2019;"E108";653930.916;6890987.5;"Bonne"
11;"95";"95352";"95352";2019;"E108";657772.253;6891033.71;"Bonne"
11;"95";"95219";"95219_0601";2019;"E108";646092.061;6876917.82;"Bonne"
11;"95";"95219";"95219_0801";2019;"E108";645812.449;6877632.76;"Bonne"
11;"95";"95563";"95563_0103";2019;"E108";644592.768;6879777.99;"Bonne"
11;"95";"95607";"95607_0112";2019;"E108";643637.677;6880482.56;"Bonne"
11;"95";"95607";"95607_0113";2019;"E108";643076.515;6880876.21;"Bonne"
11;"95";"95060";"95060_0102";2019;"E108";642224.088;6882047.47;"Bonne"
11;"95";"95256";"95256";2019;"E108";641297.11;6883222.63;"Bonne"
11;"95";"95394";"95394_0101";2019;"E108";640871.895;6884506.68;"Bonne"
11;"95";"95392";"95392";2019;"E108";641951.492;6886729.07;"Bonne"
11;"95";"95452";"95452";2019;"E108";647453.909;6892796.96;"Bonne"
11;"75";"75110";"75110_3703";2019;"E108";652943.173;6864671.27;"Bonne"
11;"75";"75109";"75109_3311";2019;"E108";650924.973;6864088.65;"Bonne"
11;"75";"75113";"75113_5016";2019;"E108";654333.197;6858922.31;"Bonne"
11;"95";"95450";"95450";2019;"E108";632588.971;6879674.73;"Bonne"
11;"95";"95572";"95572_0108";2019;"E108";636266.3;6881901.85;"Bonne"
11;"78";"78551";"78551_0112";2019;"E108";631819.562;6866461.68;"Bonne"
11;"75";"75117";"75117_6609";2019;"E108";648546.494;6865293.14;"Bonne"
11;"75";"75117";"75117_6501";2019;"E108";647534.981;6864444.18;"Bonne"
11;"75";"75116";"75116_6306";2019;"E108";646869.771;6863729.66;"Bonne"
11;"75";"75116";"75116_6304";2019;"E108";646601.291;6863013.77;"Bonne"
11;"92";"92009";"92009_0108";2019;"E108";646636.644;6868439.04;"Bonne"
11;"92";"92025";"92025_0106";2019;"E108";645712.795;6869577.49;"Bonne"
11;"92";"92025";"92025_0205";2019;"E108";645830.351;6870392.65;"Bonne"
11;"75";"75117";"75117_6714";2019;"E108";649682.716;6865558.49;"Bonne"
11;"92";"92044";"92044_0112";2019;"E108";648479.432;6866640.85;"Bonne"
11;"92";"92004";"92004_0404";2019;"E108";647498.096;6867493.71;"Bonne"
11;"95";"95476";"95476_0107";2019;"E108";631241.668;6885161.6;"Bonne"
11;"95";"95078";"95078";2019;"E108";628728.512;6886671.4;"Bonne"
11;"95";"95422";"95422";2019;"E109";627378.822;6887129.8;"Bonne"
11;"95";"95625";"95625";2019;"E108";624835.824;6889291.29;"Bonne"
11;"95";"95584";"95584";2019;"E109";623278.273;6892117.07;"Bonne"
11;"95";"95142";"95142";2019;"E108";622442.879;6896436.39;"Bonne"
11;"95";"95218";"95218_0107";2019;"E108";633509.478;6880199.02;"Bonne"
11;"95";"95572";"95572_0103";2019;"E108";634469.825;6882572.6;"Bonne"
11;"78";"78172";"78172_0101";2019;"E108";632224.386;6877164.73;"Bonne"
11;"78";"78138";"78138_0104";2019;"E108";628781.772;6874921.39;"Bonne"
11;"78";"78015";"78015_0000";2019;"E108";631215.846;6876790.36;"Bonne"
11;"78";"78015";"78015_0102";2019;"E108";630334.009;6875346.22;"Bonne"
11;"78";"78361";"78361_0119";2019;"E108";605106.225;6877402.6;"Bonne"
11;"78";"78327";"78327";2019;"E108";615544.989;6877538.67;"Bonne"
11;"78";"78267";"78267_0103";2019;"E108";612842.67;6876561.13;"Bonne"
11;"78";"78314";"78314";2019;"E108";611131.662;6876165.66;"Bonne"
11;"78";"78335";"78335_0106";2019;"E108";608289.902;6876781.73;"Bonne"
11;"78";"78361";"78361_0120";2019;"E108";605870.81;6876843.99;"Bonne"
11;"78";"78107";"78107";2019;"E108";593173.131;6872470.18;"Bonne"
11;"78";"78005";"78005_0103";2019;"E108";632481.953;6874771.33;"Bonne"
11;"78";"78368";"78368";2019;"E109";617251.026;6866579.31;"Bonne"
11;"78";"78380";"78380_0101";2019;"E108";616273.215;6868279.33;"Bonne"
11;"78";"78451";"78451";2019;"E109";615072.415;6871573.18;"Bonne"
11;"95";"95018";"95018_0606";2019;"E108";643659.58;6872527.46;"Bonne"
11;"78";"78624";"78624_0103";2019;"E108";627251.711;6876102.65;"Bonne"
11;"78";"78638";"78638";2019;"E108";624122.909;6879111.31;"Bonne"
11;"78";"78401";"78401_0102";2019;"E108";620997.557;6879086.47;"Bonne"
11;"78";"78299";"78299";2019;"E108";619647.682;6878988.31;"Bonne"
11;"95";"95018";"95018_0204";2019;"E108";645619.953;6872139.97;"Bonne"
11;"95";"95176";"95176_0105";2019;"E108";640948.558;6874587.45;"Bonne"
11;"95";"95257";"95257";2019;"E108";639985.231;6875880.77;"Bonne"
11;"95";"95306";"95306_0105";2019;"E108";638623.853;6877072.83;"Bonne"
11;"78";"78172";"78172_0112";2019;"E108";634054.924;6877804.92;"Bonne"
11;"95";"95127";"95127_0109";2019;"E108";632705.37;6882254.79;"Bonne"
11;"92";"92026";"92026_0301";2019;"E108";646364.659;6867563.04;"Bonne"
11;"92";"92026";"92026_0101";2019;"E108";644851.344;6866690.96;"Bonne"
11;"92";"92062";"92062_0101";2019;"E108";644121.187;6866169.74;"Bonne"
11;"92";"92033";"92033_0108";2019;"E108";640325.163;6860116.66;"Bonne"
11;"92";"92076";"92076_0103";2019;"E108";637787.314;6859960.31;"Bonne"
11;"92";"92022";"92022_0102";2019;"E108";640343.944;6857169.05;"Bonne"
11;"92";"92072";"92072_0110";2019;"E108";641338.833;6858888.02;"Bonne"
11;"92";"92064";"92064_0106";2019;"E108";642532.361;6860860.95;"Bonne"
11;"92";"92064";"92064_0104";2019;"E108";642514.513;6862168.84;"Bonne"
11;"92";"92073";"92073_0106";2019;"E108";642861.327;6863778.94;"Bonne"
11;"92";"92062";"92062_0303";2019;"E108";643819.162;6865119.57;"Bonne"
11;"78";"78126";"78126_0110";2019;"E108";636712.4;6860676.95;"Bonne"
11;"78";"78126";"78126_0110";2019;"E108";636313.389;6861903.42;"Bonne"
11;"78";"78350";"78350_0103";2019;"E108";635637.739;6862713.77;"Bonne"
11;"78";"78372";"78372_0107";2019;"E108";633703.149;6863887.65;"Bonne"
11;"78";"78224";"78224";2019;"E108";632337.854;6863564.27;"Bonne"
11;"78";"78224";"78224";2019;"E108";630363.592;6863374.16;"Bonne"
11;"95";"95127";"95127_0118";2019;"E108";629347.621;6883763.04;"Bonne"
11;"95";"95127";"95127_0130";2019;"E108";627685.291;6883540.05;"Bonne"
11;"78";"78551";"78551_0104";2019;"E108";632052.787;6867465.36;"Bonne"
11;"78";"78367";"78367";2019;"E109";632474.742;6864922.7;"Bonne"
11;"78";"78646";"78646_0501";2019;"E108";636527.138;6856961.61;"Bonne"
11;"78";"78646";"78646_0103";2019;"E108";637734.815;6856574.89;"Bonne"
11;"78";"78686";"78686_0102";2019;"E108";638929.548;6856478.79;"Bonne"
11;"91";"91377";"91377_0106";2019;"E108";646647.112;6848597.03;"Bonne"
11;"75";"75108";"75108_3208";2019;"E107";650418.851;6864259.76;"Bonne"
11;"92";"92035";"92035_0103";2019;"E108";644293.372;6867984.55;"Bonne"
11;"78";"78551";"78551_0101";2019;"E108";633597.381;6873202.54;"Bonne"
11;"92";"92009";"92009_0111";2019;"E108";645617.603;6868429.77;"Bonne"
11;"92";"92050";"92050_0602";2019;"E108";642464.668;6867120.09;"Bonne"
11;"78";"78311";"78311_0301";2019;"E108";640255.849;6869264.28;"Bonne"
11;"78";"78586";"78586_0101";2019;"E108";638263.585;6871199.87;"Bonne"
11;"78";"78358";"78358_0104";2019;"E108";637340.981;6872099.81;"Bonne"
11;"78";"78498";"78498_0101";2019;"E108";629756.031;6870797.48;"Bonne"
11;"78";"78672";"78672";2019;"E108";626721.97;6871500.61;"Bonne"
11;"78";"78642";"78642_0102";2019;"E108";625582.881;6876178.39;"Bonne"
11;"78";"78642";"78642_0102";2019;"E108";623513.09;6877483.31;"Bonne"
11;"78";"78440";"78440_0102";2019;"E108";620456.111;6877492.33;"Bonne"
11;"78";"78029";"78029_0102";2019;"E108";615640.021;6875273.96;"Bonne"
11;"78";"78217";"78217_0102";2019;"E108";612814.625;6874361.63;"Bonne"
11;"75";"75115";"75115_5818";2019;"E107";650029.68;6860240.78;"Bonne"
11;"92";"92075";"92075_0101";2019;"E108";647972.504;6857783.89;"Bonne"
11;"92";"92023";"92023_0303";2019;"E108";646701.988;6857367.32;"Bonne"
11;"78";"78646";"78646_0302";2019;"E108";636528.851;6855420.08;"Bonne"
11;"75";"75107";"75107_2705";2019;"E108";649669.842;6862751.56;"Bonne"
11;"75";"75107";"75107_2803";2019;"E108";648869.662;6862756.45;"Bonne"
11;"75";"75115";"75115_5918";2019;"E108";647842.6;6861897.14;"Bonne"
11;"75";"75115";"75115_6012";2019;"E108";647111.702;6861142.05;"Bonne"
11;"92";"92040";"92040_0501";2019;"E108";645729.265;6858106.9;"Bonne"
11;"92";"92048";"92048_0209";2019;"E108";644311.6;6856753.75;"Bonne"
11;"92";"92048";"92048_0203";2019;"E108";644253.752;6857459.29;"Bonne"
11;"92";"92048";"92048_0202";2019;"E108";643469.437;6857909.44;"Bonne"
11;"92";"92072";"92072_0103";2019;"E108";642395.088;6858199.12;"Bonne"
11;"78";"78646";"78646_0301";2019;"E108";636090.21;6855901.14;"Bonne"
11;"78";"78646";"78646_0305";2019;"E108";637559.396;6855494.84;"Bonne"
11;"78";"78686";"78686_0108";2019;"E108";640002.631;6855838.22;"Bonne"
11;"92";"92022";"92022_0106";2019;"E108";640473.663;6856427.15;"Bonne"
11;"78";"78686";"78686_0102";2019;"E108";639090.656;6855943.36;"Bonne"
11;"78";"78545";"78545_0105";2019;"E108";631927.764;6855813.96;"Bonne"
11;"78";"78644";"78644_0102";2019;"E108";622380.904;6851105.69;"Bonne"
11;"78";"78168";"78168";2019;"E108";620720.72;6849864.95;"Bonne"
11;"78";"78220";"78220_0102";2019;"E108";618352.446;6847437.06;"Bonne"
11;"78";"78486";"78486_0102";2019;"E108";615879.922;6844452.36;"Bonne"
11;"92";"92040";"92040_0601";2019;"E108";646017.545;6859258.44;"Bonne"
11;"78";"78517";"78517_0104";2019;"E108";613890.566;6838755.26;"Bonne"
11;"75";"75115";"75115_6010";2019;"E108";646557.722;6860357.62;"Bonne"
11;"78";"78269";"78269";2019;"E108";609486.888;6836888.35;"Bonne"
11;"78";"78062";"78062_0101";2019;"E108";617517.185;6862766.62;"Bonne"
11;"78";"78242";"78242_0105";2019;"E108";629587.825;6856763.72;"Bonne"
11;"78";"78165";"78165_0102";2019;"E108";626072.623;6858671.18;"Bonne"
11;"78";"78490";"78490_0102";2019;"E108";622420.933;6859644.11;"Bonne"
11;"78";"78265";"78265";2019;"E108";609275.973;6857415.14;"Bonne"
11;"78";"78465";"78465";2019;"E108";604709.291;6859313.29;"Bonne"
11;"78";"78605";"78605";2019;"E108";602306.744;6859659.1;"Bonne"
11;"78";"78310";"78310";2019;"E108";597371.349;6856014.47;"Bonne"
11;"78";"78322";"78322_0101";2019;"E108";637321.12;6852750.47;"Bonne"
11;"78";"78322";"78322_0102";2019;"E108";638515.882;6851958.67;"Bonne"
11;"78";"78322";"78322_0101";2019;"E108";640622.932;6851309.72;"Bonne"
11;"91";"91064";"91064";2019;"E108";642328.329;6850414.9;"Bonne"
11;"91";"91312";"91312_0102";2019;"E108";643462.608;6849146.3;"Bonne"
11;"91";"91377";"91377_0114";2019;"E108";645327.89;6847425.6;"Bonne"
11;"91";"91345";"91345_0101";2019;"E108";648297.478;6844872.94;"Bonne"
11;"78";"78490";"78490_0110";2019;"E108";623842.468;6859494.03;"Bonne"
11;"91";"91161";"91161_0105";2019;"E108";649185.259;6844647.19;"Bonne"
11;"91";"91345";"91345_0108";2019;"E108";649766.677;6843114.47;"Bonne"
11;"91";"91216";"91216_0105";2019;"E108";650733.684;6842122.24;"Bonne"
11;"91";"91377";"91377_0114";2019;"E107";645935.713;6847865.33;"Bonne"
11;"78";"78621";"78621_0101";2019;"E108";626996.497;6853199.65;"Bonne"
11;"78";"78423";"78423_0103";2019;"E108";629753.333;6854540;"Bonne"
11;"78";"78455";"78455_0102";2019;"E108";631129.935;6860569.36;"Bonne"
11;"78";"78683";"78683";2019;"E108";617589.095;6857862.6;"Bonne"
11;"78";"78389";"78389";2019;"E108";613032.405;6856507.99;"Bonne"
11;"78";"78531";"78531";2019;"E108";599712.183;6878407.98;"Bonne"
11;"78";"78089";"78089";2019;"E108";596274.915;6883027.97;"Bonne"
11;"94";"94081";"94081_0101";2019;"E108";656594.689;6853959.06;"Bonne"
11;"91";"91200";"91200_0104";2019;"E108";625950.316;6826617.53;"Bonne"
11;"91";"91016";"91016";2019;"E109";626124.643;6801724.83;"Bonne"
11;"75";"75116";"75116_6211";2019;"E108";646793.616;6862146.87;"Bonne"
11;"75";"75116";"75116_6204";2019;"E108";647142.15;6861744.47;"Bonne"
11;"91";"91414";"91414";2019;"E109";628291.673;6805791.52;"Bonne"
11;"91";"91294";"91294";2019;"E109";630450.331;6808743.37;"Bonne"
11;"91";"91223";"91223_0104";2019;"E108";637796.851;6815506.93;"Bonne"
11;"91";"91226";"91226";2019;"E108";640483.145;6821790.84;"Bonne"
11;"91";"91132";"91132";2019;"E108";642103.65;6824111.28;"Bonne"
11;"91";"91330";"91330";2019;"E108";644998.419;6824764.71;"Bonne"
11;"91";"91330";"91330";2019;"E108";647604.987;6826125.87;"Bonne"
11;"91";"91376";"91376";2019;"E108";647679.842;6829692.65;"Bonne"
11;"91";"91103";"91103_0104";2019;"E108";648534.579;6834232.04;"Bonne"
11;"91";"91570";"91570_0104";2019;"E108";648929.39;6837464.91;"Bonne"
11;"91";"91549";"91549_0101";2019;"E108";649415.114;6839427.42;"Bonne"
11;"91";"91216";"91216_0105";2019;"E108";650828.462;6841227.54;"Bonne"
11;"91";"91589";"91589_0104";2019;"E108";652273.292;6841947.07;"Bonne"
11;"91";"91326";"91326_0102";2019;"E108";654646.841;6843456.7;"Bonne"
11;"91";"91027";"91027_0103";2019;"E108";656082.388;6845967.42;"Bonne"
11;"94";"94001";"94001";2019;"E108";657259.724;6847377.35;"Bonne"
11;"94";"94077";"94077_0103";2019;"E108";657819.41;6848982.12;"Bonne"
11;"94";"94022";"94022_0103";2019;"E108";656719.695;6851705.42;"Bonne"
11;"94";"94081";"94081_0311";2019;"E108";656101.683;6855807.45;"Bonne"
11;"94";"94041";"94041_0110";2019;"E108";655329.397;6857296.66;"Bonne"
11;"91";"91223";"91223_0108";2019;"E108";636762.191;6814497.57;"Bonne"
11;"91";"91457";"91457";2019;"E108";645972.599;6832655.44;"Bonne"
11;"91";"91021";"91021_0104";2019;"E108";643983.538;6832039.43;"Bonne"
11;"91";"91207";"91207";2019;"E108";642631.284;6831637.91;"Bonne"
11;"91";"91105";"91105_0103";2019;"E108";640459.091;6831147.2;"Bonne"
11;"91";"91105";"91105_0103";2019;"E108";638857.308;6829719.64;"Bonne"
11;"91";"91540";"91540";2019;"E108";635444.872;6828215.59;"Bonne"
11;"91";"91593";"91593";2019;"E108";631256.435;6826545.87;"Bonne"
11;"91";"91200";"91200_0104";2019;"E108";626923.4;6826380.68;"Bonne"
11;"94";"94073";"94073_0104";2019;"E108";653779.748;6849897.92;"Bonne"
11;"94";"94054";"94054_0105";2019;"E108";656016.834;6849357.96;"Bonne"
11;"94";"94054";"94054_0103";2019;"E108";657138.112;6849537.49;"Bonne"
11;"94";"94065";"94065_0102";2019;"E108";652378.616;6849133.16;"Bonne"
11;"92";"92002";"92002_0202";2019;"E108";649506.982;6849990.22;"Bonne"
11;"75";"75113";"75113_4908";2019;"E107";653514.287;6860290.75;"Bonne"
11;"75";"75107";"75107_2604";2019;"E108";650558.108;6862494.15;"Bonne"
11;"75";"75105";"75105_2003";2019;"E108";651973.456;6861683.28;"Bonne"
11;"94";"94028";"94028_0215";2019;"E109";658490.606;6852548.64;"Bonne"
11;"75";"75119";"75119_7409";2019;"E108";654063.329;6866463.63;"Bonne"
11;"91";"91174";"91174_0503";2019;"E108";661225.756;6835067.53;"Bonne"
11;"94";"94046";"94046_0102";2019;"E108";657907.862;6855930.93;"Bonne"
11;"94";"94002";"94002_0108";2019;"E108";658281.419;6854395.79;"Bonne"
11;"91";"91657";"91657_0106";2019;"E108";656867.603;6845489.01;"Bonne"
11;"91";"91687";"91687_0102";2019;"E108";654869.519;6841949.68;"Bonne"
11;"91";"91521";"91521_0103";2019;"E108";656867.041;6840065.7;"Bonne"
11;"91";"91521";"91521_0111";2019;"E108";656361.872;6837515.26;"Bonne"
11;"91";"91521";"91521_0101";2019;"E108";658459.268;6838795.46;"Bonne"
11;"91";"91228";"91228_0116";2019;"E108";659637.08;6837285.72;"Bonne"
11;"91";"91286";"91286_0102";2019;"E108";655537.483;6839511.92;"Bonne"
11;"91";"91228";"91228_0106";2019;"E108";657911.767;6836352.17;"Bonne"
11;"91";"91228";"91228_0112";2019;"E108";659614.21;6836039.6;"Bonne"
11;"91";"91174";"91174_0301";2019;"E108";661164.92;6831913.96;"Bonne"
11;"91";"91386";"91386_0101";2019;"E108";658150.907;6830225.02;"Bonne"
11;"91";"91045";"91045";2019;"E108";653588.547;6825974;"Bonne"
11;"91";"91232";"91232";2019;"E108";652098.11;6820696.95;"Bonne"
11;"91";"91099";"91099";2019;"E108";653885.466;6815140.97;"Bonne"
11;"91";"91359";"91359";2019;"E108";655064.18;6810475.4;"Bonne"
11;"91";"91121";"91121";2019;"E109";654570.161;6807966.01;"Bonne"
11;"91";"91174";"91174_0402";2019;"E108";660459.39;6834132.16;"Bonne"
11;"91";"91659";"91659";2019;"E108";660296.646;6832646.88;"Bonne"
11;"91";"91179";"91179";2019;"E109";661602.009;6830528.1;"Bonne"
11;"91";"91179";"91179";2019;"E109";662538.616;6829675.99;"Bonne"
11;"94";"94078";"94078_0205";2019;"E108";658731.562;6849534.84;"Bonne"
11;"94";"94078";"94078_0103";2019;"E108";659264.413;6847923.44;"Bonne"
11;"77";"77288";"77288_0602";2019;"E108";674582.999;6825276.61;"Bonne"
11;"91";"91421";"91421_0103";2019;"E108";660383.673;6845518.45;"Bonne"
11;"91";"91691";"91691_0102";2019;"E108";661939.042;6845264.56;"Bonne"
11;"91";"91114";"91114_0103";2019;"E108";663676.689;6844482.95;"Bonne"
11;"91";"91097";"91097";2019;"E108";665619.914;6842415.39;"Bonne"
11;"77";"77122";"77122_0101";2019;"E108";666712.662;6840905.89;"Bonne"
11;"77";"77251";"77251_0106";2019;"E108";668278.168;6836550.47;"Bonne"
11;"77";"77067";"77067_0101";2019;"E108";670056.737;6829593.59;"Bonne"
11;"77";"77285";"77285_0102";2019;"E108";672227.003;6826710.27;"Bonne"
11;"77";"77445";"77445_0203";2019;"E108";669328.748;6832864.67;"Bonne"
11;"77";"77037";"77037_0102";2019;"E108";677234.966;6819521.88;"Bonne"
11;"77";"77014";"77014_0103";2019;"E108";679784.198;6812915.29;"Bonne"
11;"77";"77186";"77186_0000";2019;"E108";682569.424;6810463.16;"Bonne"
11;"77";"77316";"77316_0103";2019;"E108";685163.307;6808732.03;"Bonne"
11;"77";"77419";"77419";2019;"E108";686363.731;6809103.69;"Bonne"
11;"77";"77305";"77305_0202";2019;"E108";695762.386;6808811.44;"Bonne"
11;"77";"77255";"77255";2019;"E109";676295.032;6823392.94;"Bonne"
11;"77";"77096";"77096";2019;"E109";677533.98;6820781.28;"Bonne"
11;"77";"77188";"77188";2019;"E109";681765.216;6820790.98;"Bonne"
11;"77";"77226";"77226";2019;"E109";682312.125;6815860.26;"Bonne"
11;"77";"77533";"77533";2019;"E109";681732.662;6814503.46;"Bonne"
11;"77";"77079";"77079_0101";2019;"E108";685181.458;6811802.02;"Bonne"
11;"77";"77494";"77494";2019;"E109";688374.93;6809586.19;"Bonne"
11;"77";"77210";"77210";2019;"E109";692391.702;6808705.93;"Bonne"
11;"77";"77152";"77152_0101";2019;"E109";670333.456;6823942.69;"Bonne"
11;"77";"77040";"77040";2019;"E108";668476.551;6825549.88;"Bonne"
11;"77";"77407";"77407_0103";2019;"E108";666370.052;6826195.29;"Bonne"
11;"77";"77407";"77407_0102";2019;"E108";666241.19;6829438.8;"Bonne"
11;"77";"77312";"77312";2019;"E108";680591.681;6804053.77;"Bonne"
11;"77";"77048";"77048";2019;"E109";677281.955;6803638.88;"Bonne"
11;"77";"77431";"77431_0101";2019;"E108";676671.611;6796464.6;"Bonne"
11;"77";"77016";"77016";2019;"E109";677975.95;6792277.3;"Bonne"
11;"77";"77458";"77458_0102";2019;"E108";680279.755;6786870.02;"Bonne"
11;"91";"91069";"91069";2019;"E109";653969.563;6804769.5;"Bonne"
11;"75";"75112";"75112_4811";2019;"E107";654065.081;6860681.67;"Bonne"
11;"75";"75112";"75112_4702";2019;"E107";654719.548;6860064.49;"Bonne"
11;"77";"77449";"77449";2019;"E108";683390.937;6861746.58;"Bonne"
11;"77";"77058";"77058_0104";2019;"E108";678755.999;6859682.99;"Bonne"
11;"75";"75108";"75108_3001";2019;"E108";648312.537;6863993.05;"Bonne"
11;"92";"92050";"92050_0510";2019;"E108";643033.848;6866617.1;"Bonne"
11;"92";"92050";"92050_0401";2019;"E108";641078.584;6866460.64;"Bonne"
11;"92";"92063";"92063_0102";2019;"E108";639250.685;6865566.17;"Bonne"
11;"78";"78146";"78146_0113";2019;"E108";638123.186;6865348.77;"Bonne"
11;"78";"78650";"78650_0105";2019;"E108";636544.107;6865911.76;"Bonne"
11;"78";"78650";"78650_0102";2019;"E108";635626.331;6866827.75;"Bonne"
11;"78";"78551";"78551_0101";2019;"E108";633652.856;6866886.95;"Bonne"
11;"75";"75112";"75112_4623";2019;"E108";655647.285;6861074.88;"Bonne"
11;"94";"94080";"94080_0204";2019;"E108";658426.022;6860957.28;"Bonne"
11;"94";"94033";"94033_0121";2019;"E108";660643.009;6860540.39;"Bonne"
11;"94";"94052";"94052_0109";2019;"E108";661229.635;6859586.74;"Bonne"
11;"94";"94042";"94042_0102";2019;"E108";660634.976;6858015.86;"Bonne"
11;"94";"94068";"94068_0802";2019;"E108";661244.999;6856366.99;"Bonne"
11;"94";"94068";"94068_0303";2019;"E108";662225;6856257.99;"Bonne"
11;"94";"94068";"94068_0402";2019;"E108";663986;6856437.99;"Bonne"
11;"94";"94068";"94068_0502";2019;"E108";664200;6855105.99;"Bonne"
11;"94";"94071";"94071_0111";2019;"E108";663816.301;6852450.28;"Bonne"
11;"94";"94004";"94004_0104";2019;"E108";663627.406;6850439.05;"Bonne"
11;"93";"93049";"93049_0107";2019;"E108";664310.999;6861620.99;"Bonne"
11;"94";"94015";"94015_0102";2019;"E108";665224.084;6860614.29;"Bonne"
11;"93";"93051";"93051_0301";2019;"E108";666829.147;6860151.21;"Bonne"
11;"93";"93051";"93051_0201";2019;"E108";669105.214;6860385.16;"Bonne"
11;"77";"77337";"77337_0101";2019;"E108";671846.38;6860450.14;"Bonne"
11;"77";"77258";"77258_0102";2019;"E108";673113.292;6859956.94;"Bonne"
11;"77";"77468";"77468_0101";2019;"E108";674633.019;6860000.27;"Bonne"
11;"75";"75109";"75109_3403";2019;"E108";650799.158;6863847.12;"Bonne"
11;"75";"75101";"75101_0205";2019;"E108";652063.946;6862663.63;"Bonne"
11;"75";"75105";"75105_0000";2019;"E108";651592.343;6860887.05;"Bonne"
11;"75";"75105";"75105_0000";2019;"E108";651342.732;6860191.18;"Bonne"
11;"75";"75114";"75114_5515";2019;"E108";651050.124;6859433.39;"Bonne"
11;"75";"75114";"75114_5401";2019;"E108";651467.523;6858039.09;"Bonne"
11;"94";"94037";"94037_0105";2019;"E108";651596.977;6857457.97;"Bonne"
11;"94";"94003";"94003_0106";2019;"E108";651069.846;6856627.17;"Bonne"
11;"94";"94016";"94016_0111";2019;"E108";650645.913;6855601.69;"Bonne"
11;"94";"94016";"94016_0109";2019;"E108";650162.948;6855012.65;"Bonne"
11;"92";"92014";"92014_0101";2019;"E108";649473.341;6853583.59;"Bonne"
11;"92";"92071";"92071_0106";2019;"E108";648376.654;6853715.25;"Bonne"
11;"92";"92032";"92032_0111";2019;"E108";648000.122;6854406.27;"Bonne"
11;"92";"92071";"92071_0101";2019;"E108";647187.128;6853573.5;"Bonne"
11;"92";"92002";"92002_0000";2019;"E108";649307.999;6852520.99;"Bonne"
11;"92";"92002";"92002_0106";2019;"E108";648873.999;6851536.99;"Bonne"
11;"92";"92002";"92002_0106";2019;"E108";648610;6850767.99;"Bonne"
11;"92";"92002";"92002_0303";2019;"E108";648276.439;6849497.82;"Bonne"
11;"92";"92002";"92002_0301";2019;"E108";647598.203;6849066.85;"Bonne"
11;"91";"91477";"91477_0103";2019;"E108";644563.774;6846678.27;"Bonne"
11;"91";"91477";"91477_0105";2019;"E108";643867.675;6845553.57;"Bonne"
11;"91";"91477";"91477_0106";2019;"E108";641992.422;6845385.13;"Bonne"
11;"91";"91471";"91471_0106";2019;"E108";640522.134;6845284.2;"Bonne"
11;"91";"91471";"91471_0103";2019;"E108";639782.033;6844475.12;"Bonne"
11;"91";"91122";"91122_0103";2019;"E108";638406.937;6844273.56;"Bonne"
11;"91";"91122";"91122_0103";2019;"E108";637633.862;6844203.71;"Bonne"
11;"91";"91272";"91272_0101";2019;"E108";636468.315;6844573.94;"Bonne"
11;"91";"91272";"91272_0103";2019;"E108";633698.549;6844906.31;"Bonne"
11;"78";"78575";"78575_0103";2019;"E108";631713;6845147;"Bonne"
